Year,ConsumerType1,ModelGeography,SubGeography1,SubGeography2,Population,NumConsumers
2021,URBAN,INDIA,NR,JK,4086000,1010173
2022,URBAN,INDIA,NR,JK,4152000,1048422
2023,URBAN,INDIA,NR,JK,4219000,1088103
2024,URBAN,INDIA,NR,JK,4288000,1129527
2025,URBAN,INDIA,NR,JK,4355000,1171687
2026,URBAN,INDIA,NR,JK,4424000,1215682
2027,URBAN,INDIA,NR,JK,4493000,1261023
2028,URBAN,INDIA,NR,JK,4562000,1307746
2029,URBAN,INDIA,NR,JK,4631000,1355890
2030,URBAN,INDIA,NR,JK,4699000,1405195
2031,URBAN,INDIA,NR,JK,4770000,1456904
2032,URBAN,INDIA,NR,JK,4838000,1509246
2033,URBAN,INDIA,NR,JK,4904000,1562522
2034,URBAN,INDIA,NR,JK,4971000,1617711
2021,RURAL,INDIA,SR,AP,34223000,10163761
2022,RURAL,INDIA,SR,AP,34054000,10241047
2023,RURAL,INDIA,SR,AP,33853000,10308922
2024,RURAL,INDIA,SR,AP,33648000,10375647
2025,RURAL,INDIA,SR,AP,33439000,10441168
2026,RURAL,INDIA,SR,AP,33225000,10505111
2027,RURAL,INDIA,SR,AP,32974000,10557162
2028,RURAL,INDIA,SR,AP,32695000,10599777
2029,RURAL,INDIA,SR,AP,32414000,10641133
2030,RURAL,INDIA,SR,AP,32128000,10680186
2031,RURAL,INDIA,SR,AP,31837000,10716849
2032,RURAL,INDIA,SR,AP,31517000,10742855
2035,URBAN,INDIA,NR,JK,5038000,1674546
2033,RURAL,INDIA,SR,AP,31174000,10759875
2036,URBAN,INDIA,NR,JK,5106000,1733409
2034,RURAL,INDIA,SR,AP,30829000,10774919
2037,URBAN,INDIA,NR,JK,5174000,1794024
2035,RURAL,INDIA,SR,AP,30479000,10786863
2038,URBAN,INDIA,NR,JK,5244585,1857353
2036,RURAL,INDIA,SR,AP,30127000,10796679
2039,URBAN,INDIA,NR,JK,5316133,1922918
2037,RURAL,INDIA,SR,AP,29775000,10805029
2040,URBAN,INDIA,NR,JK,5388656,1990797
2038,RURAL,INDIA,SR,AP,29444559,10819796
2041,URBAN,INDIA,NR,JK,5462169,2061072
2039,RURAL,INDIA,SR,AP,29117784,10834583
2021,URBAN,INDIA,NR,HP,756000,280067
2040,RURAL,INDIA,SR,AP,28794636,10849390
2022,URBAN,INDIA,NR,HP,762000,289985
2041,RURAL,INDIA,SR,AP,28475074,10864218
2023,URBAN,INDIA,NR,HP,768000,300236
2024,URBAN,INDIA,NR,HP,774000,310830
2025,URBAN,INDIA,NR,HP,779000,321366
2021,RURAL,INDIA,NER,NE,10269000,2262262
2026,URBAN,INDIA,NR,HP,785000,332670
2022,RURAL,INDIA,NER,NE,10272000,2287695
2027,URBAN,INDIA,NR,HP,789000,343480
2023,RURAL,INDIA,NER,NE,10275000,2313414
2028,URBAN,INDIA,NR,HP,794000,355080
2024,RURAL,INDIA,NER,NE,10271000,2337828
2029,URBAN,INDIA,NR,HP,799000,367056
2025,RURAL,INDIA,NER,NE,10266000,2362270
2030,URBAN,INDIA,NR,HP,803000,378950
2026,RURAL,INDIA,NER,NE,10263000,2387432
2031,URBAN,INDIA,NR,HP,808000,391705
2027,RURAL,INDIA,NER,NE,10250000,2410510
2032,URBAN,INDIA,NR,HP,812000,404375
2028,RURAL,INDIA,NER,NE,10233000,2432856
2033,URBAN,INDIA,NR,HP,815000,416933
2029,RURAL,INDIA,NER,NE,10215000,2455162
2034,URBAN,INDIA,NR,HP,819000,430401
2030,RURAL,INDIA,NER,NE,10191000,2476207
2035,URBAN,INDIA,NR,HP,822000,443754
2031,RURAL,INDIA,NER,NE,10170000,2498155
2036,URBAN,INDIA,NR,HP,826000,458069
2032,RURAL,INDIA,NER,NE,10140000,2518053
2037,URBAN,INDIA,NR,HP,829000,472265
2033,RURAL,INDIA,NER,NE,10099000,2535325
2038,URBAN,INDIA,NR,HP,832553,487219
2034,RURAL,INDIA,NER,NE,10056000,2552166
2039,URBAN,INDIA,NR,HP,836121,502645
2035,RURAL,INDIA,NER,NE,10011000,2568559
2040,URBAN,INDIA,NR,HP,839704,518561
2036,RURAL,INDIA,NER,NE,9966000,2585004
2041,URBAN,INDIA,NR,HP,843303,534980
2037,RURAL,INDIA,NER,NE,9922000,2601765
2021,URBAN,INDIA,NR,PB,13581000,3373837
2038,RURAL,INDIA,NER,NE,9881259,2619446
2022,URBAN,INDIA,NR,PB,13792000,3440798
2039,RURAL,INDIA,NER,NE,9840685,2637247
2023,URBAN,INDIA,NR,PB,13998000,3507014
2040,RURAL,INDIA,NER,NE,9800278,2655170
2024,URBAN,INDIA,NR,PB,14204000,3573731
2041,RURAL,INDIA,NER,NE,9760036,2673214
2025,URBAN,INDIA,NR,PB,14411000,3641203
2026,URBAN,INDIA,NR,PB,14621000,3709945
2027,URBAN,INDIA,NR,PB,14820000,3776401
2021,RURAL,INDIA,NER,AS,29561000,6382655
2028,URBAN,INDIA,NR,PB,15011000,3841308
2022,RURAL,INDIA,NER,AS,29816000,6548959
2029,URBAN,INDIA,NR,PB,15204000,3907212
2023,RURAL,INDIA,NER,AS,30056000,6715752
2030,URBAN,INDIA,NR,PB,15401000,3974639
2024,RURAL,INDIA,NER,AS,30295000,6886127
2031,URBAN,INDIA,NR,PB,15597000,4042308
2025,RURAL,INDIA,NER,AS,30532000,7059922
2032,URBAN,INDIA,NR,PB,15783000,4107878
2026,RURAL,INDIA,NER,AS,30770000,7237903
2033,URBAN,INDIA,NR,PB,15962000,4172102
2027,RURAL,INDIA,NER,AS,30987000,7414901
2034,URBAN,INDIA,NR,PB,16145000,4237847
2028,RURAL,INDIA,NER,AS,31191000,7592691
2035,URBAN,INDIA,NR,PB,16327000,4303811
2029,RURAL,INDIA,NER,AS,31393000,7773916
2036,URBAN,INDIA,NR,PB,16510000,4370524
2030,RURAL,INDIA,NER,AS,31595000,7959137
2037,URBAN,INDIA,NR,PB,16694000,4437991
2031,RURAL,INDIA,NER,AS,31795000,8147926
2038,URBAN,INDIA,NR,PB,16884193,4507606
2032,RURAL,INDIA,NER,AS,31968000,8333823
2039,URBAN,INDIA,NR,PB,17076553,4578312
2033,RURAL,INDIA,NER,AS,32121000,8518409
2040,URBAN,INDIA,NR,PB,17271104,4650128
2034,RURAL,INDIA,NER,AS,32273000,8706615
2041,URBAN,INDIA,NR,PB,17467871,4723070
2035,RURAL,INDIA,NER,AS,32423000,8898234
2021,URBAN,INDIA,NR,HR,11923000,2867581
2036,RURAL,INDIA,NER,AS,32574000,9094154
2022,URBAN,INDIA,NR,HR,12253000,2964567
2037,RURAL,INDIA,NER,AS,32724000,9293904
2023,URBAN,INDIA,NR,HR,12580000,3061879
2038,RURAL,INDIA,NER,AS,32881452,9499995
2024,URBAN,INDIA,NR,HR,12910000,3160984
2039,RURAL,INDIA,NER,AS,33039660,9710656
2025,URBAN,INDIA,NR,HR,13244000,3262150
2040,RURAL,INDIA,NER,AS,33198630,9925988
2026,URBAN,INDIA,NR,HR,13582000,3365403
2041,RURAL,INDIA,NER,AS,33358365,10146095
2027,URBAN,INDIA,NR,HR,13914000,3468279
2028,URBAN,INDIA,NR,HR,14244000,3571763
2029,URBAN,INDIA,NR,HR,14577000,3677117
2021,RURAL,INDIA,ER,BR,107554000,21273521
2030,URBAN,INDIA,NR,HR,14914000,3784619
2022,RURAL,INDIA,ER,BR,109049000,21648687
2031,URBAN,INDIA,NR,HR,15255000,3894295
2023,RURAL,INDIA,ER,BR,110561000,22029717
2032,URBAN,INDIA,NR,HR,15591000,4003864
2024,RURAL,INDIA,ER,BR,112071000,22412860
2033,URBAN,INDIA,NR,HR,15926000,4114345
2025,RURAL,INDIA,ER,BR,113580000,22798326
2034,URBAN,INDIA,NR,HR,16264000,4226783
2026,RURAL,INDIA,ER,BR,115085000,23185523
2035,URBAN,INDIA,NR,HR,16606000,4341465
2027,RURAL,INDIA,ER,BR,116546000,23566367
2036,URBAN,INDIA,NR,HR,16950000,4457893
2028,RURAL,INDIA,ER,BR,117975000,23943207
2037,URBAN,INDIA,NR,HR,17294000,4575558
2029,RURAL,INDIA,ER,BR,119402000,24322097
2038,URBAN,INDIA,NR,HR,17659403,4700166
2030,RURAL,INDIA,ER,BR,120827000,24703044
2039,URBAN,INDIA,NR,HR,18032525,4828168
2031,RURAL,INDIA,ER,BR,122249000,25085853
2040,URBAN,INDIA,NR,HR,18413531,4959657
2032,RURAL,INDIA,ER,BR,123544000,25444991
2041,URBAN,INDIA,NR,HR,18802588,5094726
2033,RURAL,INDIA,ER,BR,124745000,25787002
2021,URBAN,INDIA,NR,DL,20271000,5125121
2034,RURAL,INDIA,ER,BR,125945000,26130981
2022,URBAN,INDIA,NR,DL,20680000,5257297
2035,RURAL,INDIA,ER,BR,127142000,26476520
2023,URBAN,INDIA,NR,DL,21094000,5392051
2036,RURAL,INDIA,ER,BR,128337000,26823832
2024,URBAN,INDIA,NR,DL,21506000,5527614
2037,RURAL,INDIA,ER,BR,129532000,27173344
2025,URBAN,INDIA,NR,DL,21917000,5664248
2038,RURAL,INDIA,ER,BR,130787338,27537771
2026,URBAN,INDIA,NR,DL,22325000,5801438
2039,RURAL,INDIA,ER,BR,132054840,27907086
2027,URBAN,INDIA,NR,DL,22738000,5941273
2040,RURAL,INDIA,ER,BR,133334627,28281354
2028,URBAN,INDIA,NR,DL,23152000,6082734
2041,RURAL,INDIA,ER,BR,134626817,28660641
2029,URBAN,INDIA,NR,DL,23564000,6225043
2030,URBAN,INDIA,NR,DL,23974000,6368203
2031,URBAN,INDIA,NR,DL,24381000,6511949
2021,RURAL,INDIA,WR,CG,21604000,4756547
2032,URBAN,INDIA,NR,DL,24790000,6657621
2022,RURAL,INDIA,WR,CG,21774000,4816517
2033,URBAN,INDIA,NR,DL,25198000,6804428
2023,RURAL,INDIA,WR,CG,21931000,4874057
2034,URBAN,INDIA,NR,DL,25605000,6952379
2024,RURAL,INDIA,WR,CG,22084000,4931138
2035,URBAN,INDIA,NR,DL,26013000,7102024
2025,RURAL,INDIA,WR,CG,22236000,4988424
2036,URBAN,INDIA,NR,DL,26421000,7253105
2026,RURAL,INDIA,WR,CG,22386000,5045689
2037,URBAN,INDIA,NR,DL,26829000,7405635
2027,RURAL,INDIA,WR,CG,22516000,5098853
2038,URBAN,INDIA,NR,DL,27260260,7566078
2028,RURAL,INDIA,WR,CG,22631000,5148993
2039,URBAN,INDIA,NR,DL,27698451,7729998
2029,RURAL,INDIA,WR,CG,22745000,5199263
2040,URBAN,INDIA,NR,DL,28143686,7897469
2030,RURAL,INDIA,WR,CG,22857000,5249432
2041,URBAN,INDIA,NR,DL,28596078,8068568
2031,RURAL,INDIA,WR,CG,22965000,5299036
2021,URBAN,INDIA,NR,RJ,20717000,4818592
2032,RURAL,INDIA,WR,CG,23061000,5346208
2022,URBAN,INDIA,NR,RJ,21075000,4956453
2033,RURAL,INDIA,WR,CG,23145000,5390911
2023,URBAN,INDIA,NR,RJ,21420000,5093695
2034,RURAL,INDIA,WR,CG,23229000,5435916
2024,URBAN,INDIA,NR,RJ,21767000,5233861
2035,RURAL,INDIA,WR,CG,23310000,5480520
2025,URBAN,INDIA,NR,RJ,22116000,5377002
2036,RURAL,INDIA,WR,CG,23388000,5524715
2026,URBAN,INDIA,NR,RJ,22468000,5523421
2037,RURAL,INDIA,WR,CG,23467000,5569442
2027,URBAN,INDIA,NR,RJ,22796000,5666468
2038,RURAL,INDIA,WR,CG,23551728,5615832
2028,URBAN,INDIA,NR,RJ,23109000,5808247
2039,RURAL,INDIA,WR,CG,23636761,5662609
2029,URBAN,INDIA,NR,RJ,23424000,5952988
2040,RURAL,INDIA,WR,CG,23722101,5709776
2030,URBAN,INDIA,NR,RJ,23740000,6100491
2041,RURAL,INDIA,WR,CG,23807749,5757335
2031,URBAN,INDIA,NR,RJ,24059000,6251320
2032,URBAN,INDIA,NR,RJ,24373000,6403438
2033,URBAN,INDIA,NR,RJ,24685000,6557638
2021,RURAL,INDIA,NR,DL,143000,36231
2034,URBAN,INDIA,NR,RJ,24999000,6715015
2022,RURAL,INDIA,NR,DL,121000,31501
2035,URBAN,INDIA,NR,RJ,25315000,6875628
2023,RURAL,INDIA,NR,DL,101000,27018
2036,URBAN,INDIA,NR,RJ,25633000,7039535
2024,RURAL,INDIA,NR,DL,82000,22539
2037,URBAN,INDIA,NR,RJ,25950000,7205962
2025,RURAL,INDIA,NR,DL,65000,18358
2038,URBAN,INDIA,NR,RJ,26279313,7378680
2026,RURAL,INDIA,NR,DL,51000,14801
2039,URBAN,INDIA,NR,RJ,26612804,7555538
2027,RURAL,INDIA,NR,DL,37000,11033
2040,URBAN,INDIA,NR,RJ,26950527,7736635
2028,RURAL,INDIA,NR,DL,25000,7660
2041,URBAN,INDIA,NR,RJ,27292536,7922073
2029,RURAL,INDIA,NR,DL,16000,5038
2030,RURAL,INDIA,NR,DL,8000,2588
2031,RURAL,INDIA,NR,DL,4000,1330
2032,RURAL,INDIA,NR,DL,0,0
2033,RURAL,INDIA,NR,DL,0,0
2034,RURAL,INDIA,NR,DL,1000,361
2035,RURAL,INDIA,NR,DL,0,0
2036,RURAL,INDIA,NR,DL,0,0
2037,RURAL,INDIA,NR,DL,0,0
2038,RURAL,INDIA,NR,DL,0,0
2039,RURAL,INDIA,NR,DL,0,0
2040,RURAL,INDIA,NR,DL,0,0
2041,RURAL,INDIA,NR,DL,0,0
2021,RURAL,INDIA,WR,GA,417000,102448
2022,RURAL,INDIA,WR,GA,402000,99194
2023,RURAL,INDIA,WR,GA,387000,95910
2024,RURAL,INDIA,WR,GA,372000,92595
2025,RURAL,INDIA,WR,GA,358000,89499
2026,RURAL,INDIA,WR,GA,343000,86124
2027,RURAL,INDIA,WR,GA,329000,82969
2021,URBAN,INDIA,ER,BR,14787000,3402330
2028,RURAL,INDIA,WR,GA,314000,79532
2022,URBAN,INDIA,ER,BR,15105000,3517183
2029,RURAL,INDIA,WR,GA,299000,76063
2023,URBAN,INDIA,ER,BR,15430000,3635952
2030,RURAL,INDIA,WR,GA,285000,72818
2024,URBAN,INDIA,ER,BR,15756000,3757302
2031,RURAL,INDIA,WR,GA,271000,69543
2025,URBAN,INDIA,ER,BR,16084000,3881523
2032,RURAL,INDIA,WR,GA,256000,65981
2026,URBAN,INDIA,ER,BR,16415000,4008916
2033,RURAL,INDIA,WR,GA,242000,62645
2027,URBAN,INDIA,ER,BR,16743000,4138064
2034,RURAL,INDIA,WR,GA,228000,59278
2028,URBAN,INDIA,ER,BR,17069000,4269234
2035,RURAL,INDIA,WR,GA,214000,55881
2029,URBAN,INDIA,ER,BR,17397000,4403461
2036,RURAL,INDIA,WR,GA,201000,52716
2030,URBAN,INDIA,ER,BR,17727000,4540807
2037,RURAL,INDIA,WR,GA,188000,49522
2031,URBAN,INDIA,ER,BR,18060000,4681591
2038,RURAL,INDIA,WR,GA,176885,46797
2032,URBAN,INDIA,ER,BR,18376000,4820639
2039,RURAL,INDIA,WR,GA,166426,44222
2033,URBAN,INDIA,ER,BR,18682000,4959695
2040,RURAL,INDIA,WR,GA,156586,41789
2034,URBAN,INDIA,ER,BR,18989000,5101661
2041,RURAL,INDIA,WR,GA,147328,39490
2035,URBAN,INDIA,ER,BR,19299000,5247136
2036,URBAN,INDIA,ER,BR,19611000,5395916
2037,URBAN,INDIA,ER,BR,19923000,5547510
2021,RURAL,INDIA,WR,GJ,36643000,7770730
2038,URBAN,INDIA,ER,BR,20251673,5706663
2022,RURAL,INDIA,WR,GJ,36761000,7866825
2039,URBAN,INDIA,ER,BR,20585768,5870381
2023,RURAL,INDIA,WR,GJ,36858000,7959492
2040,URBAN,INDIA,ER,BR,20925375,6038797
2024,RURAL,INDIA,WR,GJ,36949000,8051886
2041,URBAN,INDIA,ER,BR,21270584,6212044
2025,RURAL,INDIA,WR,GJ,37030000,8143105
2021,URBAN,INDIA,NER,AS,5326000,1419561
2026,RURAL,INDIA,WR,GJ,37107000,8234430
2022,URBAN,INDIA,NER,AS,5423000,1445415
2027,RURAL,INDIA,WR,GJ,37154000,8320026
2023,URBAN,INDIA,NER,AS,5517000,1470469
2028,RURAL,INDIA,WR,GJ,37177000,8401074
2024,URBAN,INDIA,NER,AS,5613000,1496057
2029,RURAL,INDIA,WR,GJ,37192000,8481084
2025,URBAN,INDIA,NER,AS,5710000,1521911
2030,RURAL,INDIA,WR,GJ,37203000,8560935
2026,URBAN,INDIA,NER,AS,5807000,1547764
2031,RURAL,INDIA,WR,GJ,37205000,8639446
2027,URBAN,INDIA,NER,AS,5902000,1573085
2032,RURAL,INDIA,WR,GJ,37182000,8712820
2028,URBAN,INDIA,NER,AS,5994000,1597606
2033,RURAL,INDIA,WR,GJ,37137000,8781611
2029,URBAN,INDIA,NER,AS,6088000,1622661
2034,RURAL,INDIA,WR,GJ,37088000,8849977
2030,URBAN,INDIA,NER,AS,6182000,1647715
2035,RURAL,INDIA,WR,GJ,37031000,8916934
2031,URBAN,INDIA,NER,AS,6278000,1673302
2036,RURAL,INDIA,WR,GJ,36968000,8982919
2032,URBAN,INDIA,NER,AS,6369000,1697557
2037,RURAL,INDIA,WR,GJ,36907000,9049855
2033,URBAN,INDIA,NER,AS,6456000,1720745
2038,RURAL,INDIA,WR,GJ,36857566,9120128
2034,URBAN,INDIA,NER,AS,6545000,1744467
2039,RURAL,INDIA,WR,GJ,36808199,9190946
2035,URBAN,INDIA,NER,AS,6635000,1768455
2040,RURAL,INDIA,WR,GJ,36758897,9262314
2036,URBAN,INDIA,NER,AS,6725000,1792443
2041,RURAL,INDIA,WR,GJ,36709661,9334236
2037,URBAN,INDIA,NER,AS,6815000,1816431
2038,URBAN,INDIA,NER,AS,6908864,1841449
2039,URBAN,INDIA,NER,AS,7004020,1866811
2021,RURAL,INDIA,NR,HR,17391000,3616012
2040,URBAN,INDIA,NER,AS,7100487,1892523
2022,RURAL,INDIA,NR,HR,17442000,3662101
2041,URBAN,INDIA,NER,AS,7198283,1918589
2023,RURAL,INDIA,NR,HR,17478000,3705565
2024,RURAL,INDIA,NR,HR,17511000,3748887
2025,RURAL,INDIA,NR,HR,17541000,3792053
2026,RURAL,INDIA,NR,HR,17566000,3834614
2027,RURAL,INDIA,NR,HR,17577000,3874559
2028,RURAL,INDIA,NR,HR,17577000,3912469
2029,RURAL,INDIA,NR,HR,17573000,3949852
2030,RURAL,INDIA,NR,HR,17565000,3986683
2031,RURAL,INDIA,NR,HR,17554000,4023170
2032,RURAL,INDIA,NR,HR,17532000,4057443
2033,RURAL,INDIA,NR,HR,17502000,4090132
2034,RURAL,INDIA,NR,HR,17469000,4122365
2035,RURAL,INDIA,NR,HR,17431000,4153645
2036,RURAL,INDIA,NR,HR,17392000,4184902
2037,RURAL,INDIA,NR,HR,17352000,4216130
2038,RURAL,INDIA,NR,HR,17318561,4249178
2039,RURAL,INDIA,NR,HR,17285185,4282485
2040,RURAL,INDIA,NR,HR,17251874,4316054
2041,RURAL,INDIA,NR,HR,17218627,4349885
2021,RURAL,INDIA,NR,HP,6618000,1564376
2021,URBAN,INDIA,ER,JH,9853000,2548627
2022,RURAL,INDIA,NR,HP,6653000,1572650
2022,URBAN,INDIA,ER,JH,10052000,2657912
2023,RURAL,INDIA,NR,HP,6685000,1580214
2023,URBAN,INDIA,ER,JH,10249000,2770257
2024,RURAL,INDIA,NR,HP,6716000,1587542
2024,URBAN,INDIA,ER,JH,10447000,2886561
2025,RURAL,INDIA,NR,HP,6748000,1595106
2025,URBAN,INDIA,ER,JH,10647000,3007231
2026,RURAL,INDIA,NR,HP,6779000,1602434
2026,URBAN,INDIA,ER,JH,10848000,3132129
2027,RURAL,INDIA,NR,HP,6806000,1608816
2027,URBAN,INDIA,ER,JH,11043000,3259324
2028,RURAL,INDIA,NR,HP,6827000,1613780
2028,URBAN,INDIA,ER,JH,11235000,3389722
2029,RURAL,INDIA,NR,HP,6849000,1618981
2029,URBAN,INDIA,ER,JH,11428000,3524615
2030,RURAL,INDIA,NR,HP,6871000,1624181
2030,URBAN,INDIA,ER,JH,11622000,3664146
2031,RURAL,INDIA,NR,HP,6893000,1629382
2031,URBAN,INDIA,ER,JH,11817000,3808461
2032,RURAL,INDIA,NR,HP,6908000,1632927
2032,URBAN,INDIA,ER,JH,12005000,3955077
2033,RURAL,INDIA,NR,HP,6920000,1635764
2033,URBAN,INDIA,ER,JH,12186000,4103972
2034,RURAL,INDIA,NR,HP,6931000,1638364
2034,URBAN,INDIA,ER,JH,12369000,4258222
2035,RURAL,INDIA,NR,HP,6942000,1640964
2035,URBAN,INDIA,ER,JH,12553000,4417654
2036,RURAL,INDIA,NR,HP,6953000,1643564
2036,URBAN,INDIA,ER,JH,12739000,4582790
2037,RURAL,INDIA,NR,HP,6965000,1646401
2037,URBAN,INDIA,ER,JH,12924000,4752718
2038,RURAL,INDIA,NR,HP,6977073,1649255
2038,URBAN,INDIA,ER,JH,13118331,4931444
2039,RURAL,INDIA,NR,HP,6989167,1652114
2039,URBAN,INDIA,ER,JH,13315584,5116892
2040,RURAL,INDIA,NR,HP,7001282,1654977
2040,URBAN,INDIA,ER,JH,13515802,5309313
2041,RURAL,INDIA,NR,HP,7013418,1657846
2041,URBAN,INDIA,ER,JH,13719031,5508970
2021,URBAN,INDIA,ER,OD,8378000,2316720
2022,URBAN,INDIA,ER,OD,8519000,2355710
2021,RURAL,INDIA,NR,JK,9575000,1928209
2023,URBAN,INDIA,ER,OD,8657000,2393870
2022,RURAL,INDIA,NR,JK,9611000,1958298
2024,URBAN,INDIA,ER,OD,8795000,2432031
2023,RURAL,INDIA,NR,JK,9643000,1988003
2025,URBAN,INDIA,ER,OD,8935000,2470744
2024,RURAL,INDIA,NR,JK,9673000,2017720
2026,URBAN,INDIA,ER,OD,9077000,2510010
2025,RURAL,INDIA,NR,JK,9706000,2048495
2027,URBAN,INDIA,ER,OD,9213000,2547618
2026,RURAL,INDIA,NR,JK,9736000,2079074
2028,URBAN,INDIA,ER,OD,9345000,2584119
2027,RURAL,INDIA,NR,JK,9763000,2109441
2029,URBAN,INDIA,ER,OD,9478000,2620897
2028,RURAL,INDIA,NR,JK,9788000,2139798
2030,URBAN,INDIA,ER,OD,9612000,2657951
2029,RURAL,INDIA,NR,JK,9814000,2170800
2031,URBAN,INDIA,ER,OD,9747000,2695282
2030,RURAL,INDIA,NR,JK,9840000,2202235
2032,URBAN,INDIA,ER,OD,9876000,2730953
2031,RURAL,INDIA,NR,JK,9863000,2233430
2033,URBAN,INDIA,ER,OD,10001000,2765519
2032,RURAL,INDIA,NR,JK,9880000,2263680
2034,URBAN,INDIA,ER,OD,10127000,2800361
2033,RURAL,INDIA,NR,JK,9892000,2293174
2035,URBAN,INDIA,ER,OD,10253000,2835203
2034,RURAL,INDIA,NR,JK,9903000,2322814
2036,URBAN,INDIA,ER,OD,10381000,2870598
2035,RURAL,INDIA,NR,JK,9915000,2353072
2037,URBAN,INDIA,ER,OD,10508000,2905717
2036,RURAL,INDIA,NR,JK,9924000,2383000
2038,URBAN,INDIA,ER,OD,10640489,2942353
2037,RURAL,INDIA,NR,JK,9934000,2413549
2039,URBAN,INDIA,ER,OD,10774649,2979451
2038,RURAL,INDIA,NR,JK,9945883,2444951
2040,URBAN,INDIA,ER,OD,10910499,3017017
2039,RURAL,INDIA,NR,JK,9957781,2476761
2041,URBAN,INDIA,ER,OD,11048063,3055057
2040,RURAL,INDIA,NR,JK,9969692,2508985
2021,URBAN,INDIA,WR,CG,7729000,1814604
2041,RURAL,INDIA,NR,JK,9981618,2541629
2022,URBAN,INDIA,WR,CG,7919000,1873465
2023,URBAN,INDIA,WR,CG,8106000,1932406
2024,URBAN,INDIA,WR,CG,8296000,1992862
2021,RURAL,INDIA,ER,JH,28396000,5997376
2025,URBAN,INDIA,WR,CG,8488000,2054615
2022,RURAL,INDIA,ER,JH,28710000,6134156
2026,URBAN,INDIA,WR,CG,8682000,2117685
2023,RURAL,INDIA,ER,JH,29010000,6270280
2027,URBAN,INDIA,WR,CG,8871000,2180373
2024,RURAL,INDIA,ER,JH,29309000,6408521
2028,URBAN,INDIA,WR,CG,9057000,2243154
2025,RURAL,INDIA,ER,JH,29606000,6548685
2029,URBAN,INDIA,WR,CG,9245000,2307269
2026,RURAL,INDIA,ER,JH,29903000,6691241
2030,URBAN,INDIA,WR,CG,9435000,2372739
2027,RURAL,INDIA,ER,JH,30178000,6831246
2031,URBAN,INDIA,WR,CG,9628000,2439836
2028,RURAL,INDIA,ER,JH,30436000,6969709
2032,URBAN,INDIA,WR,CG,9817000,2506802
2029,RURAL,INDIA,ER,JH,30693000,7110235
2033,URBAN,INDIA,WR,CG,10005000,2574393
2030,RURAL,INDIA,ER,JH,30950000,7253086
2034,URBAN,INDIA,WR,CG,10194000,2643133
2031,RURAL,INDIA,ER,JH,31205000,7397823
2035,URBAN,INDIA,WR,CG,10385000,2713298
2032,RURAL,INDIA,ER,JH,31431000,7537989
2036,URBAN,INDIA,WR,CG,10579000,2785173
2033,RURAL,INDIA,ER,JH,31640000,7676290
2037,URBAN,INDIA,WR,CG,10773000,2857991
2034,RURAL,INDIA,ER,JH,31846000,7816050
2038,URBAN,INDIA,WR,CG,10976657,2934343
2035,RURAL,INDIA,ER,JH,32051000,7957774
2039,URBAN,INDIA,WR,CG,11184164,3012735
2036,RURAL,INDIA,ER,JH,32254000,8101234
2040,URBAN,INDIA,WR,CG,11395594,3093221
2037,RURAL,INDIA,ER,JH,32458000,8247207
2041,URBAN,INDIA,WR,CG,11611021,3175857
2038,RURAL,INDIA,ER,JH,32671672,8397965
2021,URBAN,INDIA,WR,MP,24143000,5529587
2039,RURAL,INDIA,ER,JH,32886750,8551479
2022,URBAN,INDIA,WR,MP,24546000,5632991
2040,RURAL,INDIA,ER,JH,33103243,8707799
2023,URBAN,INDIA,WR,MP,24938000,5734253
2041,RURAL,INDIA,ER,JH,33321162,8866976
2024,URBAN,INDIA,WR,MP,25332000,5836353
2025,URBAN,INDIA,WR,MP,25729000,5939527
2026,URBAN,INDIA,WR,MP,26126000,6043086
2021,RURAL,INDIA,SR,KA,37810000,9054488
2027,URBAN,INDIA,WR,MP,26499000,6141469
2022,RURAL,INDIA,SR,KA,37753000,9161594
2028,URBAN,INDIA,WR,MP,26855000,6236268
2023,RURAL,INDIA,SR,KA,37667000,9262815
2029,URBAN,INDIA,WR,MP,27213000,6331884
2024,RURAL,INDIA,SR,KA,37578000,9364358
2030,URBAN,INDIA,WR,MP,27573000,6428319
2025,RURAL,INDIA,SR,KA,37483000,9465446
2031,URBAN,INDIA,WR,MP,27934000,6525344
2026,RURAL,INDIA,SR,KA,37383000,9566283
2032,URBAN,INDIA,WR,MP,28275000,6618046
2027,RURAL,INDIA,SR,KA,37253000,9660347
2033,URBAN,INDIA,WR,MP,28602000,6707806
2028,RURAL,INDIA,SR,KA,37099000,9748910
2034,URBAN,INDIA,WR,MP,28930000,6798129
2029,RURAL,INDIA,SR,KA,36940000,9836783
2035,URBAN,INDIA,WR,MP,29260000,6889253
2030,RURAL,INDIA,SR,KA,36777000,9924186
2036,URBAN,INDIA,WR,MP,29592000,6981183
2031,RURAL,INDIA,SR,KA,36611000,10011348
2037,URBAN,INDIA,WR,MP,29923000,7073213
2032,RURAL,INDIA,SR,KA,36416000,10091032
2038,URBAN,INDIA,WR,MP,30268006,7168896
2033,RURAL,INDIA,SR,KA,36200000,10165161
2039,URBAN,INDIA,WR,MP,30616989,7265874
2034,RURAL,INDIA,SR,KA,35981000,10238617
2040,URBAN,INDIA,WR,MP,30969995,7364163
2035,RURAL,INDIA,SR,KA,35759000,10311357
2041,URBAN,INDIA,WR,MP,31327072,7463782
2036,RURAL,INDIA,SR,KA,35532000,10382752
2021,URBAN,INDIA,WR,GJ,33812000,8530430
2037,RURAL,INDIA,SR,KA,35305000,10454215
2022,URBAN,INDIA,WR,GJ,34660000,8799961
2038,RURAL,INDIA,SR,KA,35091909,10529908
2023,URBAN,INDIA,WR,GJ,35515000,9074363
2039,RURAL,INDIA,SR,KA,34880103,10606149
2024,URBAN,INDIA,WR,GJ,36377000,9353698
2040,RURAL,INDIA,SR,KA,34669576,10682942
2025,URBAN,INDIA,WR,GJ,37247000,9638288
2041,RURAL,INDIA,SR,KA,34460320,10760291
2026,URBAN,INDIA,WR,GJ,38124000,9927941
2027,URBAN,INDIA,WR,GJ,39013000,10224032
2028,URBAN,INDIA,WR,GJ,39913000,10526388
2021,RURAL,INDIA,SR,KL,10593000,2787936
2029,URBAN,INDIA,WR,GJ,40821000,10834298
2022,RURAL,INDIA,SR,KL,9860000,2614055
2030,URBAN,INDIA,WR,GJ,41735000,11147300
2023,RURAL,INDIA,SR,KL,9131000,2438542
2031,URBAN,INDIA,WR,GJ,42656000,11465725
2024,RURAL,INDIA,SR,KL,8414000,2263541
2032,URBAN,INDIA,WR,GJ,43617000,11798568
2025,RURAL,INDIA,SR,KL,7711000,2089636
2033,URBAN,INDIA,WR,GJ,44610000,12143891
2026,RURAL,INDIA,SR,KL,7025000,1917698
2034,URBAN,INDIA,WR,GJ,45608000,12494498
2027,RURAL,INDIA,SR,KL,6351000,1746425
2035,URBAN,INDIA,WR,GJ,46613000,12851001
2028,RURAL,INDIA,SR,KL,5695000,1577523
2036,URBAN,INDIA,WR,GJ,47624000,13213197
2029,RURAL,INDIA,SR,KL,5064000,1413024
2037,URBAN,INDIA,WR,GJ,48634000,13579199
2030,RURAL,INDIA,SR,KL,4457000,1252774
2038,URBAN,INDIA,WR,GJ,49708803,13967530
2031,RURAL,INDIA,SR,KL,3879000,1098307
2039,URBAN,INDIA,WR,GJ,50807358,14366965
2032,RURAL,INDIA,SR,KL,3329000,949493
2040,URBAN,INDIA,WR,GJ,51930192,14777824
2033,RURAL,INDIA,SR,KL,2811000,807631
2041,URBAN,INDIA,WR,GJ,53077839,15200432
2034,RURAL,INDIA,SR,KL,2329000,674055
2021,URBAN,INDIA,WR,MH,59342000,15680233
2035,RURAL,INDIA,SR,KL,1885000,549556
2022,URBAN,INDIA,WR,MH,60183000,16156734
2036,RURAL,INDIA,SR,KL,1479000,434353
2023,URBAN,INDIA,WR,MH,60995000,16636554
2037,RURAL,INDIA,SR,KL,1075000,318022
2024,URBAN,INDIA,WR,MH,61812000,17128974
2038,RURAL,INDIA,SR,KL,868008,258670
2025,URBAN,INDIA,WR,MH,62635000,17634577
2039,RURAL,INDIA,SR,KL,700871,210395
2026,URBAN,INDIA,WR,MH,63463000,18153399
2040,RURAL,INDIA,SR,KL,565918,171129
2027,URBAN,INDIA,WR,MH,64254000,18673552
2041,RURAL,INDIA,SR,KL,456949,139192
2028,URBAN,INDIA,WR,MH,65019000,19198020
2029,URBAN,INDIA,WR,MH,65790000,19736287
2030,URBAN,INDIA,WR,MH,66565000,20288078
2021,RURAL,INDIA,WR,MP,59897000,12898474
2031,URBAN,INDIA,WR,MH,67345000,20854018
2022,RURAL,INDIA,WR,MP,60572000,13156192
2032,URBAN,INDIA,WR,MH,68081000,21419025
2023,RURAL,INDIA,WR,MP,61211000,13409506
2033,URBAN,INDIA,WR,MH,68785000,21986542
2024,RURAL,INDIA,WR,MP,61848000,13665766
2034,URBAN,INDIA,WR,MH,69494000,22568355
2025,RURAL,INDIA,WR,MP,62483000,13925001
2035,URBAN,INDIA,WR,MH,70207000,23164472
2026,RURAL,INDIA,WR,MP,63117000,14187462
2036,URBAN,INDIA,WR,MH,70925000,23775559
2027,RURAL,INDIA,WR,MP,63685000,14438449
2037,URBAN,INDIA,WR,MH,71643000,24400266
2028,RURAL,INDIA,WR,MP,64206000,14681960
2038,URBAN,INDIA,WR,MH,72385543,25047365
2029,RURAL,INDIA,WR,MP,64725000,14928133
2039,URBAN,INDIA,WR,MH,73135781,25711624
2030,RURAL,INDIA,WR,MP,65242000,15176993
2040,URBAN,INDIA,WR,MH,73893795,26393500
2031,RURAL,INDIA,WR,MP,65757000,15428563
2041,URBAN,INDIA,WR,MH,74659665,27093459
2032,RURAL,INDIA,WR,MP,66219000,15670798
2021,URBAN,INDIA,SR,AP,18446000,5911257
2033,RURAL,INDIA,WR,MP,66642000,15906753
2022,URBAN,INDIA,SR,AP,18841000,6118200
2034,RURAL,INDIA,WR,MP,67063000,16145129
2023,URBAN,INDIA,SR,AP,19226000,6326314
2035,RURAL,INDIA,WR,MP,67483000,16386189
2024,URBAN,INDIA,SR,AP,19615000,6540218
2036,RURAL,INDIA,WR,MP,67900000,16629468
2025,URBAN,INDIA,SR,AP,20009000,6760385
2037,RURAL,INDIA,WR,MP,68319000,16876217
2026,URBAN,INDIA,SR,AP,20407000,6986623
2038,RURAL,INDIA,WR,MP,68755602,17130369
2027,URBAN,INDIA,SR,AP,20789000,7212135
2039,RURAL,INDIA,WR,MP,69194994,17388348
2028,URBAN,INDIA,SR,AP,21161000,7438897
2040,RURAL,INDIA,WR,MP,69637193,17650212
2029,URBAN,INDIA,SR,AP,21536000,7671486
2041,RURAL,INDIA,WR,MP,70082219,17916020
2030,URBAN,INDIA,SR,AP,21915000,7910392
2031,URBAN,INDIA,SR,AP,22299000,8156128
2032,URBAN,INDIA,SR,AP,22667000,8401074
2021,RURAL,INDIA,WR,MH,64619000,14474687
2033,URBAN,INDIA,SR,AP,23025000,8647339
2022,RURAL,INDIA,WR,MH,64822000,14571635
2034,URBAN,INDIA,SR,AP,23386000,8899813
2023,RURAL,INDIA,WR,MH,64984000,14659840
2035,URBAN,INDIA,SR,AP,23751000,9159019
2024,RURAL,INDIA,WR,MH,65142000,14747581
2036,URBAN,INDIA,SR,AP,24118000,9424329
2025,RURAL,INDIA,WR,MH,65293000,14834169
2037,URBAN,INDIA,SR,AP,24486000,9695475
2026,RURAL,INDIA,WR,MH,65439000,14920046
2038,URBAN,INDIA,SR,AP,24870810,9978914
2027,RURAL,INDIA,WR,MH,65537000,14995363
2039,URBAN,INDIA,SR,AP,25261667,10270639
2028,RURAL,INDIA,WR,MH,65601000,15063219
2040,URBAN,INDIA,SR,AP,25658667,10570892
2029,RURAL,INDIA,WR,MH,65659000,15129986
2041,URBAN,INDIA,SR,AP,26061905,10879923
2030,RURAL,INDIA,WR,MH,65712000,15195880
2021,URBAN,INDIA,SR,KA,28817000,8168379
2031,RURAL,INDIA,WR,MH,65761000,15261123
2022,URBAN,INDIA,SR,KA,29339000,8329059
2032,RURAL,INDIA,WR,MH,65756000,15314061
2023,URBAN,INDIA,SR,KA,29848000,8486515
2033,RURAL,INDIA,WR,MH,65715000,15358769
2024,URBAN,INDIA,SR,KA,30361000,8645573
2034,RURAL,INDIA,WR,MH,65669000,15402429
2025,URBAN,INDIA,SR,KA,30879000,8806523
2035,RURAL,INDIA,WR,MH,65618000,15445028
2026,URBAN,INDIA,SR,KA,31402000,8969373
2036,RURAL,INDIA,WR,MH,65563000,15486792
2027,URBAN,INDIA,SR,KA,31906000,9127265
2037,RURAL,INDIA,WR,MH,65507000,15528420
2028,URBAN,INDIA,SR,KA,32398000,9282181
2038,RURAL,INDIA,WR,MH,65464763,15573422
2029,URBAN,INDIA,SR,KA,32895000,9438984
2039,RURAL,INDIA,WR,MH,65422552,15618555
2030,URBAN,INDIA,SR,KA,33396000,9597395
2040,RURAL,INDIA,WR,MH,65380369,15663819
2031,URBAN,INDIA,SR,KA,33900000,9757131
2041,RURAL,INDIA,WR,MH,65338212,15709213
2032,URBAN,INDIA,SR,KA,34387000,9912433
2033,URBAN,INDIA,SR,KA,34862000,10064723
2034,URBAN,INDIA,SR,KA,35340000,10218322
2021,RURAL,INDIA,ER,OD,37174000,9766011
2035,URBAN,INDIA,SR,KA,35822000,10373526
2022,RURAL,INDIA,ER,OD,37346000,9918923
2036,URBAN,INDIA,SR,KA,36308000,10530341
2023,RURAL,INDIA,ER,OD,37499000,10068913
2037,URBAN,INDIA,SR,KA,36794000,10687612
2024,RURAL,INDIA,ER,OD,37651000,10220730
2038,URBAN,INDIA,SR,KA,37299805,10851100
2025,RURAL,INDIA,ER,OD,37801000,10374117
2039,URBAN,INDIA,SR,KA,37812563,11017088
2026,RURAL,INDIA,ER,OD,37949000,10529086
2040,URBAN,INDIA,SR,KA,38332369,11185616
2027,RURAL,INDIA,ER,OD,38064000,10676951
2041,URBAN,INDIA,SR,KA,38859322,11356722
2028,RURAL,INDIA,ER,OD,38154000,10819704
2021,URBAN,INDIA,SR,KL,24820000,6619531
2029,RURAL,INDIA,ER,OD,38244000,10964305
2022,URBAN,INDIA,SR,KL,25713000,6881658
2030,RURAL,INDIA,ER,OD,38332000,11110197
2023,URBAN,INDIA,SR,KL,26585000,7139896
2031,RURAL,INDIA,ER,OD,38420000,11257971
2024,URBAN,INDIA,SR,KL,27446000,7396890
2032,RURAL,INDIA,ER,OD,38473000,11397283
2025,URBAN,INDIA,SR,KL,28292000,7651537
2033,RURAL,INDIA,ER,OD,38501000,11530808
2026,URBAN,INDIA,SR,KL,29122000,7903530
2034,RURAL,INDIA,ER,OD,38529000,11665892
2027,URBAN,INDIA,SR,KL,29912000,8146297
2035,RURAL,INDIA,ER,OD,38555000,11801941
2028,URBAN,INDIA,SR,KL,30666000,8380826
2036,RURAL,INDIA,ER,OD,38581000,11939570
2029,URBAN,INDIA,SR,KL,31395000,8610038
2037,RURAL,INDIA,ER,OD,38607000,12078799
2030,URBAN,INDIA,SR,KL,32099000,8833870
2038,RURAL,INDIA,ER,OD,38638256,12221308
2031,URBAN,INDIA,SR,KL,32775000,9051428
2039,RURAL,INDIA,ER,OD,38669536,12365498
2032,URBAN,INDIA,SR,KL,33395000,9254879
2040,RURAL,INDIA,ER,OD,38700842,12511390
2033,URBAN,INDIA,SR,KL,33964000,9445458
2041,RURAL,INDIA,ER,OD,38732173,12659002
2034,URBAN,INDIA,SR,KL,34497000,9627209
2035,URBAN,INDIA,SR,KL,34992000,9799473
2036,URBAN,INDIA,SR,KL,35448000,9961864
2021,RURAL,INDIA,NR,PB,17860000,4056761
2037,URBAN,INDIA,SR,KL,35903000,10124988
2022,RURAL,INDIA,NR,PB,17876000,4111452
2038,URBAN,INDIA,SR,KL,36452620,10315907
2023,RURAL,INDIA,NR,PB,17877000,4163384
2039,URBAN,INDIA,SR,KL,37010654,10510426
2024,RURAL,INDIA,NR,PB,17879000,4216207
2040,URBAN,INDIA,SR,KL,37577230,10708613
2025,RURAL,INDIA,NR,PB,17880000,4269462
2041,URBAN,INDIA,SR,KL,38152480,10910537
2026,RURAL,INDIA,NR,PB,17878000,4322663
2021,URBAN,INDIA,SR,TN,41204000,13178478
2027,RURAL,INDIA,NR,PB,17861000,4372856
2022,URBAN,INDIA,SR,TN,41718000,13491821
2028,RURAL,INDIA,NR,PB,17834000,4421148
2023,URBAN,INDIA,SR,TN,42209000,13802997
2029,RURAL,INDIA,NR,PB,17804000,4469210
2024,URBAN,INDIA,SR,TN,42703000,14120430
2030,RURAL,INDIA,NR,PB,17772000,4517273
2025,URBAN,INDIA,SR,TN,43200000,14444233
2031,RURAL,INDIA,NR,PB,17740000,4565839
2026,URBAN,INDIA,SR,TN,43701000,14774859
2032,RURAL,INDIA,NR,PB,17694000,4611263
2027,URBAN,INDIA,SR,TN,44167000,15099101
2033,RURAL,INDIA,NR,PB,17637000,4654204
2028,URBAN,INDIA,SR,TN,44609000,15420444
2034,RURAL,INDIA,NR,PB,17577000,4696695
2029,URBAN,INDIA,SR,TN,45054000,15748129
2035,RURAL,INDIA,NR,PB,17517000,4739519
2030,URBAN,INDIA,SR,TN,45500000,16081562
2036,RURAL,INDIA,NR,PB,17457000,4782677
2031,URBAN,INDIA,SR,TN,45951000,16422263
2037,RURAL,INDIA,NR,PB,17396000,4825893
2032,URBAN,INDIA,SR,TN,46368000,16756280
2038,RURAL,INDIA,NR,PB,17339319,4870653
2033,URBAN,INDIA,SR,TN,46762000,17087304
2039,RURAL,INDIA,NR,PB,17282823,4915829
2034,URBAN,INDIA,SR,TN,47158000,17424369
2040,RURAL,INDIA,NR,PB,17226510,4961423
2041,RURAL,INDIA,NR,PB,17170381,5007440
2021,RURAL,INDIA,NR,RJ,58144000,11447449
2022,RURAL,INDIA,NR,RJ,58715000,11600522
2023,RURAL,INDIA,NR,RJ,59242000,11745805
2024,RURAL,INDIA,NR,RJ,59767000,11891570
2025,RURAL,INDIA,NR,RJ,60290000,12037814
2026,RURAL,INDIA,NR,RJ,60810000,12184340
2027,RURAL,INDIA,NR,RJ,61261000,12317873
2028,RURAL,INDIA,NR,RJ,61659000,12441500
2029,RURAL,INDIA,NR,RJ,62055000,12565439
2030,RURAL,INDIA,NR,RJ,62450000,12689893
2031,RURAL,INDIA,NR,RJ,62842000,12814455
2032,RURAL,INDIA,NR,RJ,63217000,12936258
2033,RURAL,INDIA,NR,RJ,63578000,13055884
2034,RURAL,INDIA,NR,RJ,63937000,13175779
2035,RURAL,INDIA,NR,RJ,64294000,13295943
2036,RURAL,INDIA,NR,RJ,64649000,13416373
2037,RURAL,INDIA,NR,RJ,65005000,13537695
2038,RURAL,INDIA,NR,RJ,65372671,13662143
2039,RURAL,INDIA,NR,RJ,65742420,13787735
2040,RURAL,INDIA,NR,RJ,66114261,13914481
2041,RURAL,INDIA,NR,RJ,66488205,14042392
2021,RURAL,INDIA,SR,TN,36608000,10020084
2022,RURAL,INDIA,SR,TN,36411000,9967109
2023,RURAL,INDIA,SR,TN,36186000,9906457
2024,RURAL,INDIA,SR,TN,35957000,9844699
2025,RURAL,INDIA,SR,TN,35726000,9782382
2026,RURAL,INDIA,SR,TN,35492000,9719231
2027,RURAL,INDIA,SR,TN,35223000,9646482
2028,RURAL,INDIA,SR,TN,34929000,9566872
2029,RURAL,INDIA,SR,TN,34631000,9486152
2030,RURAL,INDIA,SR,TN,34333000,9405416
2031,RURAL,INDIA,SR,TN,34030000,9323294
2032,RURAL,INDIA,SR,TN,33699000,9233485
2033,RURAL,INDIA,SR,TN,33346000,9137631
2034,RURAL,INDIA,SR,TN,32992000,9041484
2035,RURAL,INDIA,SR,TN,32635000,8944496
2036,RURAL,INDIA,SR,TN,32277000,8847216
2037,RURAL,INDIA,SR,TN,31920000,8750192
2038,RURAL,INDIA,SR,TN,31581279,8658160
2039,RURAL,INDIA,SR,TN,31246152,8567096
2040,RURAL,INDIA,SR,TN,30914580,8476990
2041,RURAL,INDIA,SR,TN,30586528,8387831
2021,URBAN,INDIA,NER,NE,5121000,1288722
2021,RURAL,INDIA,SR,TS,20367000,5708987
2022,URBAN,INDIA,NER,NE,5264000,1343811
2022,RURAL,INDIA,SR,TS,20211000,5695366
2023,URBAN,INDIA,NER,NE,5406000,1399961
2023,RURAL,INDIA,SR,TS,20031000,5674639
2024,URBAN,INDIA,NER,NE,5552000,1458503
2024,RURAL,INDIA,SR,TS,19846000,5652108
2025,URBAN,INDIA,NER,NE,5700000,1518974
2025,RURAL,INDIA,SR,TS,19659000,5628604
2026,URBAN,INDIA,NER,NE,5848000,1580887
2026,RURAL,INDIA,SR,TS,19467000,5603251
2027,URBAN,INDIA,NER,NE,5996000,1644269
2027,RURAL,INDIA,SR,TS,19258000,5572551
2028,URBAN,INDIA,NER,NE,6143000,1708872
2028,RURAL,INDIA,SR,TS,19027000,5534967
2029,URBAN,INDIA,NER,NE,6290000,1774996
2029,RURAL,INDIA,SR,TS,18792000,5495656
2030,URBAN,INDIA,NER,NE,6443000,1844390
2030,RURAL,INDIA,SR,TS,18555000,5455182
2031,URBAN,INDIA,NER,NE,6594000,1914835
2031,RURAL,INDIA,SR,TS,18316000,5413533
2032,URBAN,INDIA,NER,NE,6740000,1985456
2032,RURAL,INDIA,SR,TS,18062000,5366829
2033,URBAN,INDIA,NER,NE,6882000,2056519
2033,RURAL,INDIA,SR,TS,17788000,5313502
2034,URBAN,INDIA,NER,NE,7028000,2130432
2034,RURAL,INDIA,SR,TS,17513000,5259157
2035,URBAN,INDIA,NER,NE,7175000,2206356
2035,RURAL,INDIA,SR,TS,17235000,5203178
2036,URBAN,INDIA,NER,NE,7322000,2284027
2036,RURAL,INDIA,SR,TS,16956000,5146152
2037,URBAN,INDIA,NER,NE,7468000,2363163
2037,RURAL,INDIA,SR,TS,16676000,5088068
2038,URBAN,INDIA,NER,NE,7624539,2447489
2038,RURAL,INDIA,SR,TS,16417314,5035759
2039,URBAN,INDIA,NER,NE,7784358,2534823
2039,RURAL,INDIA,SR,TS,16162641,4983988
2040,URBAN,INDIA,NER,NE,7947527,2625275
2040,RURAL,INDIA,SR,TS,15911918,4932749
2041,URBAN,INDIA,NER,NE,8114117,2718954
2041,RURAL,INDIA,SR,TS,15665084,4882036
2021,URBAN,INDIA,WR,GA,1138000,292807
2022,URBAN,INDIA,WR,GA,1161000,298725
2023,URBAN,INDIA,WR,GA,1184000,304643
2021,RURAL,INDIA,NR,UK,7402000,1587738
2024,URBAN,INDIA,WR,GA,1207000,310560
2022,RURAL,INDIA,NR,UK,7428000,1593315
2025,URBAN,INDIA,WR,GA,1229000,316221
2023,RURAL,INDIA,NR,UK,7450000,1598034
2026,URBAN,INDIA,WR,GA,1252000,322139
2024,RURAL,INDIA,NR,UK,7472000,1602753
2027,URBAN,INDIA,WR,GA,1274000,327799
2025,RURAL,INDIA,NR,UK,7492000,1607043
2028,URBAN,INDIA,WR,GA,1296000,333460
2026,RURAL,INDIA,NR,UK,7512000,1611333
2029,URBAN,INDIA,WR,GA,1318000,339121
2027,RURAL,INDIA,NR,UK,7526000,1614336
2030,URBAN,INDIA,WR,GA,1339000,344524
2028,RURAL,INDIA,NR,UK,7535000,1616267
2031,URBAN,INDIA,WR,GA,1360000,349927
2029,RURAL,INDIA,NR,UK,7543000,1617983
2032,URBAN,INDIA,WR,GA,1381000,355330
2030,RURAL,INDIA,NR,UK,7551000,1619699
2033,URBAN,INDIA,WR,GA,1401000,360476
2031,RURAL,INDIA,NR,UK,7557000,1620986
2034,URBAN,INDIA,WR,GA,1421000,365622
2032,RURAL,INDIA,NR,UK,7557000,1620986
2035,URBAN,INDIA,WR,GA,1440000,370511
2033,RURAL,INDIA,NR,UK,7551000,1619699
2036,URBAN,INDIA,WR,GA,1459000,375400
2034,RURAL,INDIA,NR,UK,7544000,1618197
2037,URBAN,INDIA,WR,GA,1478000,380289
2035,RURAL,INDIA,NR,UK,7537000,1616696
2038,URBAN,INDIA,WR,GA,1498639,385599
2036,RURAL,INDIA,NR,UK,7529000,1614980
2039,URBAN,INDIA,WR,GA,1519567,390983
2037,RURAL,INDIA,NR,UK,7521000,1613264
2040,URBAN,INDIA,WR,GA,1540786,396443
2038,RURAL,INDIA,NR,UK,7515017,1611980
2041,URBAN,INDIA,WR,GA,1562302,401979
2039,RURAL,INDIA,NR,UK,7509039,1610698
2040,RURAL,INDIA,NR,UK,7503065,1609417
2041,RURAL,INDIA,NR,UK,7497096,1608136
2021,RURAL,INDIA,NR,UP,175287000,34511039
2022,RURAL,INDIA,NR,UP,176959000,35303150
2023,RURAL,INDIA,NR,UP,178444000,36072417
2024,RURAL,INDIA,NR,UP,179921000,36854254
2025,RURAL,INDIA,NR,UP,181391000,37649047
2026,RURAL,INDIA,NR,UP,182856000,38457403
2027,RURAL,INDIA,NR,UP,184063000,39225611
2028,RURAL,INDIA,NR,UP,185085000,39967495
2029,RURAL,INDIA,NR,UP,186101000,40720856
2030,RURAL,INDIA,NR,UP,187112000,41486072
2031,RURAL,INDIA,NR,UP,188116000,42262861
2032,RURAL,INDIA,NR,UP,188933000,43010399
2033,RURAL,INDIA,NR,UP,189615000,43739199
2034,RURAL,INDIA,NR,UP,190293000,44478837
2035,RURAL,INDIA,NR,UP,190965000,45228989
2036,RURAL,INDIA,NR,UP,191633000,45990262
2037,RURAL,INDIA,NR,UP,192299000,46763294
2038,RURAL,INDIA,NR,UP,193005155,47558643
2039,RURAL,INDIA,NR,UP,193713902,48367520
2040,RURAL,INDIA,NR,UP,194425253,49190155
2041,RURAL,INDIA,NR,UP,195139215,50026781
2021,RURAL,INDIA,ER,WB,62851000,16986822
2022,RURAL,INDIA,ER,WB,62785000,17317452
2023,RURAL,INDIA,ER,WB,62680000,17643520
2024,RURAL,INDIA,ER,WB,62567000,17973379
2025,RURAL,INDIA,ER,WB,62451000,18308465
2026,RURAL,INDIA,ER,WB,62327000,18647341
2027,RURAL,INDIA,ER,WB,62144000,18974399
2028,RURAL,INDIA,ER,WB,61916000,19293005
2029,RURAL,INDIA,ER,WB,61683000,19615104
2030,RURAL,INDIA,ER,WB,61445000,19940674
2031,RURAL,INDIA,ER,WB,61202000,20269687
2032,RURAL,INDIA,ER,WB,60891000,20580821
2033,RURAL,INDIA,ER,WB,60533000,20879973
2034,RURAL,INDIA,ER,WB,60170000,21180972
2035,RURAL,INDIA,ER,WB,59802000,21483732
2036,RURAL,INDIA,ER,WB,59430000,21788529
2037,RURAL,INDIA,ER,WB,59056000,22096035
2038,RURAL,INDIA,ER,WB,58705722,22416040
2039,RURAL,INDIA,ER,WB,58357521,22740680
2040,RURAL,INDIA,ER,WB,58011386,23070022
2041,RURAL,INDIA,ER,WB,57667303,23404133
2021,RURAL,INDIA,ER,SK,376000,92275
2022,RURAL,INDIA,ER,SK,366000,90384
2023,RURAL,INDIA,ER,SK,355000,88217
2024,RURAL,INDIA,ER,SK,344000,86020
2025,RURAL,INDIA,ER,SK,333000,83791
2026,RURAL,INDIA,ER,SK,321000,81278
2027,RURAL,INDIA,ER,SK,310000,78985
2028,RURAL,INDIA,ER,SK,297000,76148
2029,RURAL,INDIA,ER,SK,285000,73529
2030,RURAL,INDIA,ER,SK,273000,70875
2031,RURAL,INDIA,ER,SK,260000,67923
2032,RURAL,INDIA,ER,SK,248000,65194
2033,RURAL,INDIA,ER,SK,235000,62164
2034,RURAL,INDIA,ER,SK,222000,59094
2035,RURAL,INDIA,ER,SK,210000,56250
2036,RURAL,INDIA,ER,SK,197000,53099
2037,RURAL,INDIA,ER,SK,185000,50177
2038,RURAL,INDIA,ER,SK,174799,47707
2039,RURAL,INDIA,ER,SK,165160,45359
2040,RURAL,INDIA,ER,SK,156053,43127
2041,RURAL,INDIA,ER,SK,147448,41004
2035,URBAN,INDIA,SR,TN,47556000,17767578
2036,URBAN,INDIA,SR,TN,47956000,18117033
2037,URBAN,INDIA,SR,TN,48355000,18471694
2038,URBAN,INDIA,SR,TN,48767721,18837315
2039,URBAN,INDIA,SR,TN,49183964,19210174
2040,URBAN,INDIA,SR,TN,49603761,19590412
2041,URBAN,INDIA,SR,TN,50027140,19978177
2021,URBAN,INDIA,SR,TS,17232000,5551608
2022,URBAN,INDIA,SR,TS,17605000,5751080
2023,URBAN,INDIA,SR,TS,17968000,5951733
2024,URBAN,INDIA,SR,TS,18335000,6158216
2025,URBAN,INDIA,SR,TS,18704000,6369990
2026,URBAN,INDIA,SR,TS,19078000,6588210
2027,URBAN,INDIA,SR,TS,19435000,6805333
2028,URBAN,INDIA,SR,TS,19780000,7022980
2029,URBAN,INDIA,SR,TS,20129000,7246822
2030,URBAN,INDIA,SR,TS,20480000,7476282
2031,URBAN,INDIA,SR,TS,20834000,7711851
2032,URBAN,INDIA,SR,TS,21171000,7946166
2033,URBAN,INDIA,SR,TS,21497000,8181340
2034,URBAN,INDIA,SR,TS,21824000,8421922
2035,URBAN,INDIA,SR,TS,22154000,8668806
2036,URBAN,INDIA,SR,TS,22485000,8921345
2037,URBAN,INDIA,SR,TS,22817000,9179653
2038,URBAN,INDIA,SR,TS,23165386,9450125
2039,URBAN,INDIA,SR,TS,23519090,9728565
2040,URBAN,INDIA,SR,TS,23878195,10015210
2041,URBAN,INDIA,SR,TS,24242783,10310301
2021,URBAN,INDIA,NR,UK,3944000,1005286
2022,URBAN,INDIA,NR,UK,4040000,1029755
2023,URBAN,INDIA,NR,UK,4137000,1054479
2024,URBAN,INDIA,NR,UK,4234000,1079204
2025,URBAN,INDIA,NR,UK,4332000,1104183
2026,URBAN,INDIA,NR,UK,4431000,1129417
2027,URBAN,INDIA,NR,UK,4529000,1154396
2028,URBAN,INDIA,NR,UK,4626000,1179120
2029,URBAN,INDIA,NR,UK,4724000,1204100
2030,URBAN,INDIA,NR,UK,4823000,1229334
2031,URBAN,INDIA,NR,UK,4923000,1254823
2032,URBAN,INDIA,NR,UK,5020000,1279547
2033,URBAN,INDIA,NR,UK,5116000,1304016
2034,URBAN,INDIA,NR,UK,5213000,1328741
2035,URBAN,INDIA,NR,UK,5310000,1353465
2036,URBAN,INDIA,NR,UK,5408000,1378444
2037,URBAN,INDIA,NR,UK,5506000,1403423
2038,URBAN,INDIA,NR,UK,5609670,1429848
2039,URBAN,INDIA,NR,UK,5715291,1456770
2040,URBAN,INDIA,NR,UK,5822901,1484198
2041,URBAN,INDIA,NR,UK,5932537,1512143
2021,URBAN,INDIA,NR,UP,54385000,12158229
2022,URBAN,INDIA,NR,UP,55342000,12540509
2023,URBAN,INDIA,NR,UP,56248000,12919227
2024,URBAN,INDIA,NR,UP,57161000,13307559
2025,URBAN,INDIA,NR,UP,58081000,13705718
2026,URBAN,INDIA,NR,UP,59007000,14113684
2027,URBAN,INDIA,NR,UP,59858000,14512031
2028,URBAN,INDIA,NR,UP,60657000,14905826
2029,URBAN,INDIA,NR,UP,61462000,15309145
2030,URBAN,INDIA,NR,UP,62272000,15721943
2031,URBAN,INDIA,NR,UP,63089000,16144930
2032,URBAN,INDIA,NR,UP,63850000,16561992
2033,URBAN,INDIA,NR,UP,64573000,16977423
2034,URBAN,INDIA,NR,UP,65301000,17402425
2035,URBAN,INDIA,NR,UP,66034000,17837200
2036,URBAN,INDIA,NR,UP,66772000,18281953
2037,URBAN,INDIA,NR,UP,67511000,18735784
2038,URBAN,INDIA,NR,UP,68277565,19206335
2039,URBAN,INDIA,NR,UP,69052834,19688703
2040,URBAN,INDIA,NR,UP,69836906,20183186
2041,URBAN,INDIA,NR,UP,70629881,20690089
2021,URBAN,INDIA,ER,WB,35020000,9610330
2022,URBAN,INDIA,ER,WB,35619000,9839768
2023,URBAN,INDIA,ER,WB,36204000,10067942
2024,URBAN,INDIA,ER,WB,36796000,10300676
2025,URBAN,INDIA,ER,WB,37392000,10537190
2026,URBAN,INDIA,ER,WB,37995000,10778381
2027,URBAN,INDIA,ER,WB,38570000,11014320
2028,URBAN,INDIA,ER,WB,39127000,11247749
2029,URBAN,INDIA,ER,WB,39689000,11485243
2030,URBAN,INDIA,ER,WB,40256000,11726857
2031,URBAN,INDIA,ER,WB,40828000,11972645
2032,URBAN,INDIA,ER,WB,41365000,12210853
2033,URBAN,INDIA,ER,WB,41876000,12443976
2034,URBAN,INDIA,ER,WB,42392000,12681157
2035,URBAN,INDIA,ER,WB,42913000,12922449
2036,URBAN,INDIA,ER,WB,43438000,13167604
2037,URBAN,INDIA,ER,WB,43964000,13415755
2038,URBAN,INDIA,ER,WB,44509603,13672647
2039,URBAN,INDIA,ER,WB,45061976,13934459
2040,URBAN,INDIA,ER,WB,45621205,14201284
2041,URBAN,INDIA,ER,WB,46187373,14473218
2021,URBAN,INDIA,ER,SK,297000,102672
2022,URBAN,INDIA,ER,SK,314000,110000
2023,URBAN,INDIA,ER,SK,331000,117506
2024,URBAN,INDIA,ER,SK,348000,125193
2025,URBAN,INDIA,ER,SK,366000,133429
2026,URBAN,INDIA,ER,SK,384000,141863
2027,URBAN,INDIA,ER,SK,401000,150124
2028,URBAN,INDIA,ER,SK,419000,158960
2029,URBAN,INDIA,ER,SK,437000,168005
2030,URBAN,INDIA,ER,SK,455000,177264
2031,URBAN,INDIA,ER,SK,473000,186741
2032,URBAN,INDIA,ER,SK,490000,196039
2033,URBAN,INDIA,ER,SK,508000,205958
2034,URBAN,INDIA,ER,SK,525000,215696
2035,URBAN,INDIA,ER,SK,542000,225658
2036,URBAN,INDIA,ER,SK,559000,235848
2037,URBAN,INDIA,ER,SK,576000,246269
2038,URBAN,INDIA,ER,SK,595228,257893
2039,URBAN,INDIA,ER,SK,615097,270064
2040,URBAN,INDIA,ER,SK,635629,282811
2041,URBAN,INDIA,ER,SK,656846,296159
